[{
    "name":"Peugeot 307 CC",
    "price": "$300",
    "image": "307.jpg",
    "categotyId": "1"
},
{
    "name":"Mercedes W211",
    "price": "$250",
    "image": "w211.jpg",
    "categotyId": "2"
},
{
    "name":"Mercedes W212",
    "price": "$563",
    "image": "w212.jpg",
    "categotyId": "2"
},
{
    "name":"Mercedes W213",
    "price": "$536",
    "image": "w213.jpg",
    "categotyId": "2"
},
{
    "name":"Audi A4",
    "price": "$234",
    "image": "a4.jpg",
    "categotyId": "3"
},
{
    "name":"Audi A5",
    "price": "$456",
    "image": "a5.jpg",
    "categotyId": "3"
},
{
    "name":"Seat",
    "price": "$324",
    "image": "seat.jpg",
    "categotyId": "4"
}
]